loan_amnt,debt_settlement_flag_Y,term,issue_year,int_rate,grade,total_rev_hi_lim,revol_bal,dti,total_bc_limit,fico_range_low,bc_open_to_buy,annual_inc,tot_cur_bal,avg_cur_bal,mo_sin_old_rev_tl_op,revol_util,total_bal_ex_mort,bc_util,mo_sin_old_il_acct,loan_status
3600,FALSE,3.6109179126442243,2015,13.99,3,9.137877200242468,7.925157512224703,1.9329696377795786,7.783640596221253,6.516193076042964,7.317876198626496,10.915106645867503,11.883833634269681,9.937985592943695,4.859812404361672,29.7,8.955060950631902,37.2,148,0
24700,FALSE,3.6109179126442243,2015,11.99,3,11.624475784206961,9.974458466406707,2.836736542063533,11.281006017883909,6.573680166960646,10.96528024,11.082157933374816,12.227819460100259,9.18338019,5.262690188904886,19.2,10.583448171291899,27.1,113,0
20000,FALSE,4.110873864173311,2015,10.78,2,9.546884034617925,8.970813341411448,2.4664031782234406,8.732465848349879,6.54534966,7.914983005848394,11.050905878263567,12.153199155923106,10.361481857656132,5.220355825078324,56.2,9.836118362165275,55.9,125,0
10400,FALSE,4.110873864173311,2015,22.45,6,10.434145214930487,9.995610841411933,3.2722270003651954,9.918425424900335,6.54534966,8.426830751335846,11.556310571909634,12.712079678512147,10.227200158772034,5.351858133476067,64.5,11.46969432077795,77.5,128,0
11950,FALSE,3.6109179126442243,2015,13.44,3,9.465060106725137,9.085117227222105,2.4159137783010487,9.148571345578551,6.538139824,6.739336627357174,10.434145214930487,9.457122321855792,7.848153086199526,4.007333185232471,68.4,9.457122321855792,91,338,0
20000,FALSE,3.6109179126442243,2015,9.17,2,11.45318607621936,11.37744932540778,2.7517480563679295,10.357774570341576,6.523562306149512,0,12.100717685412471,12.794856035758752,10.309985460456241,5.726847747587197,84.5,11.667901518368703,102.9,142,0
20000,FALSE,3.6109179126442243,2015,8.49,2,9.581972891547895,6.717804695023691,2.9236990706541595,9.581972891547895,6.559615237493242,9.523324627290181,11.350418300109132,11.860775584435794,9.781376414141157,4.025351691,5.7,10.237743048287497,5.7,149,0
10000,FALSE,3.6109179126442243,2015,6.49,1,10.318935994253193,9.255791635,2.644044871126298,9.705097588,6.530877627725885,9.009814110527381,11.350418300109132,10.238458663031073,7.599901959208498,4.867534450455582,34.5,10.238458663031073,50.1,164,0
8000,FALSE,3.6109179126442243,2015,11.48,2,9.798182590890704,8.858652969548489,3.5779478934066544,9.741027444837728,6.552507887,9.207034914967457,10.645448706505872,12.204556496757267,10.258676392769557,5.537334267018537,39.1,11.64204840462957,41.4,155,0
1400,FALSE,3.6109179126442243,2015,12.88,3,10.938467575959383,10.540831283230636,3.5821290841670557,10.448743588106625,6.552507887,8.979794491,11.06665398721974,12.693719709948505,9.860580052,5.459585514144159,67.2,11.228690776788357,77,46,0
18000,FALSE,4.110873864173311,2015,19.48,5,10.448743588106625,9.550591175100745,2.340843805111136,9.239996256883693,6.501289670540389,8.542665987389269,11.918397239722838,10.498139486346973,7.608374474380783,4.727387818712341,40.7,10.498139486346973,51.3,115,1
28000,FALSE,3.6109179126442243,2015,6.49,1,11.288543647320601,10.849492414393675,3.1179499062782403,10.633472802314019,6.580639137284949,9.718602713339008,11.429554725537322,12.306420116851767,9.533872097,5.940171252720432,64.5,11.224189504039689,59.9,82,0
9600,FALSE,3.6109179126442243,2015,7.49,1,9.472781556562168,8.951958168569265,3.154443964708812,9.433563920090563,6.54534966,8.471986598578159,11.002116507732017,10.922118242774605,8.976262255609193,4.5217885770490405,59.4,10.922118242774605,61.8,234,0
25000,FALSE,3.6109179126442243,2015,7.49,1,10.555838779903407,9.945732534129874,3.2965773325320527,10.555838779903407,6.6147256,9.772182251758139,11.599112335481124,12.630627708743356,10.433439104100595,5.1298987149230735,54.3,11.128100868329359,54.3,142,0
18000,FALSE,4.110873864173311,2015,11.99,3,11.319352851746254,9.279119887371008,2.2700619012884857,11.153403615295403,6.685860947,11.007700793213884,11.626263078808801,12.231096910434909,9.746248776109637,5.583496308781699,15.5,10.494823466949388,16.7,109,0
8650,FALSE,3.6109179126442243,2015,19.89,5,9.940349717268694,9.166283985779263,3.2767673032839784,7.919719760924575,6.516193076042964,7.226936018493289,10.915106645867503,9.848344753,6.9584483932976555,4.564348191467836,46,9.848344753,45,129,0
29900,FALSE,4.110873864173311,2015,12.88,3,11.124332223082254,10.363535538414585,3.125443880075648,10.434145214930487,6.573680166960646,9.819236000088537,11.082157933374816,12.302527624347436,9.663515696240424,4.941642422609304,46.7,10.657212294981678,45.9,114,0
16000,FALSE,4.110873864173311,2015,14.85,3,12.559194785729225,9.857914707241372,3.5316406776874447,12.547180549395199,6.530877627725885,12.483530124522236,10.778977123006351,10.352331383946238,7.954723334497908,5.686975356,29.6,10.352331383946238,17.6,131,0
28000,FALSE,3.6109179126442243,2015,13.44,3,10.494075844768336,10.033682134193954,2.138889000323256,10.275085591132715,6.54534966,9.269363712425644,11.736077016252437,10.033682134193954,8.242229891372231,5.236441962829949,63.1,10.033682134193954,63.4,113,0
5000,FALSE,3.6109179126442243,2015,13.44,3,9.137877200242468,9.152923101106232,2.617395832834079,8.366602832783736,6.501289670540389,0,11.277215789596893,10.481616621511806,9.383032379794294,3.6109179126442243,101.5,10.481616621511806,101.4,50,0
6000,FALSE,3.6109179126442243,2015,7.49,1,9.384377709,9.055322649709574,2.658859956911438,8.243019469,6.54534966,6.082218910376446,11.51293546492023,11.66303369939953,9.465912391,5.560681631015528,72,10.031968714184668,88.5,124,0
4225,FALSE,3.6109179126442243,2015,14.85,3,8.366602832783736,6.9650803456014065,2.7862450486872667,7.8636512654486515,6.587550014824796,7.711548979629146,10.463131911491967,8.494743062578646,6.704414354964107,3.9889840465642745,24.6,8.494743062578646,14.1,47,1
20000,FALSE,3.6109179126442243,2015,5.32,1,11.241129864948206,7.727535110475448,2.9871959425317045,11.241129864948206,6.728628613084702,11.210901030802571,11.082157933374816,9.645040605352682,7.160845906664299,5.690359454,3,9.645040605352682,3,63,0
16000,FALSE,4.110873864173311,2015,17.97,4,10.789339695269716,10.656553223307316,3.192531849528599,9.667828508,6.523562306149512,0,11.599112335481124,12.116897110256609,9.71908383,5.105945474,87.6,11.053410635438665,100.8,149,0
17600,FALSE,3.6109179126442243,2015,5.32,1,10.477316144080852,9.409519046,3.3174533882291946,10.069044362997353,6.660575149839686,9.341193180394946,11.385103457032141,12.341839662283752,9.397483619049352,5.170483995038151,34.4,11.30032612753169,51.7,160,0
15000,FALSE,3.6109179126442243,2015,5.32,1,10.428245666832275,9.741203889478681,2.7936160894318567,9.568084743872936,6.530877627725885,8.855378246041125,10.691967639914864,9.741203889478681,7.795646536334594,5.093750200806762,50.3,9.741203889478681,51,141,0
16000,FALSE,3.6109179126442243,2015,12.88,3,9.159152335,8.548304186,2.993730270883318,8.455530531,6.516193076042964,8.212025804623437,11.082157933374816,10.591169827665006,8.645410489,5.8888779583328805,54.3,10.591169827665006,21.6,256,1
24250,FALSE,4.110873864173311,2015,24.24,6,10.545367754151743,10.118598932153073,3.083743150876704,10.278527816830314,6.493753839851686,9.109967397829395,11.225256725762893,12.676385601929333,9.786054455644033,4.653960350157523,65.3,10.557789949272506,68.9,93,1
12000,FALSE,3.6109179126442243,2015,10.78,2,10.392098241730961,9.926373656322829,3.2204745462318978,10.090008612393838,6.538139824,8.264878262801748,11.49273296168228,12.833576695095651,10.194551400334317,5.117993812416755,62.8,11.545218390166491,83.9,147,0
25000,FALSE,4.110873864173311,2015,13.99,3,11.705205603408396,10.022159082253626,3.5703774100329357,11.192733974822708,6.594413459749778,10.951683355290221,11.277215789596893,12.488367734204475,9.054504940418054,5.1647859739235145,18.6,11.407331588752612,21.4,124,1
7000,FALSE,3.6109179126442243,2015,7.49,1,10.673618922112436,9.256078263650036,2.643333886382519,10.471666571132038,6.594413459749778,10.17041829781828,10.985309671896763,10.919134812150403,8.722091302389098,5.4116460518550396,24.2,9.668081624649718,26,124,0
21000,FALSE,4.110873864173311,2015,13.99,3,10.056251557087757,9.922063938109064,2.738902664584975,10.056251557087757,6.523562306149512,7.9817332866918855,10.859018228147887,12.82774530643143,11.218312764436819,4.882801922586371,87.4,12.82774530643143,87.4,76,0
27500,FALSE,4.110873864173311,2015,14.85,3,11.13751903414526,10.462388799533683,2.052840859882657,10.92415631759022,6.552507887,10.08455832742843,12.180759965737863,12.496878583628968,9.857862374509853,5.159055299214529,50.9,10.713928760318431,56.8,21,0
7200,FALSE,3.6109179126442243,2015,11.48,2,9.648659816955295,8.603370888,2.248128907197987,9.648659816955295,6.587550014824796,9.215526898663482,11.19135563385109,11.90356115883239,10.294143544990584,2.0794415416798357,35.2,9.916255691813806,35.2,111,0
20000,FALSE,3.6109179126442243,2015,14.85,3,10.138599199626192,9.969977293804961,2.598979106047848,9.975854724662028,6.538139824,6.261491684321042,11.608244735642321,10.531882855866376,8.586159396,4.634728988229636,84.5,10.531882855866376,97.6,10,0
20000,FALSE,3.6109179126442243,2015,15.77,4,10.860939421415225,9.856291117705153,3.1445832202863455,10.069044362997353,6.523562306149512,9.415727201701133,11.156264806643742,11.058117790146436,7.9229859587111955,4.927253685157205,36.6,11.058117790146436,48,131,0
10000,FALSE,4.110873864173311,2015,17.97,4,10.809748150372926,10.561629123897259,3.6027767550605247,9.305741456739435,6.530877627725885,5.662960480135946,10.915106645867503,12.571021268001047,9.932026417342549,5.176149732573829,78,11.177718427646736,97.4,106,1
20000,FALSE,3.6109179126442243,2015,9.8,2,11.275949181024878,8.930494185292178,3.196630215920881,10.851296331126829,6.587550014824796,10.790019862246007,11.225256725762893,10.598907149201738,7.9603236291488395,5.648974238161206,9.6,10.598907149201738,5.9,159,0
8650,FALSE,3.6109179126442243,2015,5.32,1,10.196194479235656,8.876125585396185,2.1138429683971687,9.814710982145282,6.621405651764134,9.318566777047053,11.51293546492023,12.016430357453585,9.531626451841742,5.159055299214529,26.7,10.348173373797573,39.1,73,0
21000,FALSE,4.110873864173311,2015,13.44,3,8.682877107057168,7.366445148327599,2.5756610130564646,8.682877107057168,6.508769136971682,8.371010681238156,10.908704493604684,10.849142893040186,8.652073673610056,5.272999558563747,26.8,10.849142893040186,26.8,186,0
7200,FALSE,3.6109179126442243,2015,15.77,4,9.059633754551479,8.689296048,2.9096295745005794,8.810012048,6.523562306149512,7.3277805384216315,10.915106645867503,12.527547263716704,9.349580439067687,4.844187086458591,69,12.527547263716704,77.3,111,0
8800,FALSE,3.6109179126442243,2015,9.8,2,9.392745258631441,9.126523885883072,1.8213182714695995,9.047939083,6.501289670540389,6.100318952020064,11.429554725537322,11.56789648821474,9.370757093382087,5.135798437050262,76.6,9.221972456,94.8,102,0
2500,FALSE,3.6109179126442243,2015,17.27,4,7.824445930877619,6.597145701886651,2.9231615807191558,6.552507887,6.508769136971682,6.481577129276431,10.819798284210286,12.191821579760314,10.245941860834888,5.192956851,31.1,12.191821579760314,6.9,149,0
11000,FALSE,3.6109179126442243,2015,9.17,2,9.169622538697624,9.004299728561636,3.1063787936410545,9.059633754551479,6.523562306149512,6.139884552226255,11.14187628,12.234567775476746,10.037362636092155,4.912654885736052,84.8,10.432054857778276,94.6,127,0
10000,FALSE,3.6109179126442243,2015,12.88,3,9.723223876851618,8.847934753328465,2.3456445824544927,8.389587067,6.566672429803241,6.073044534100405,11.42292416807609,12.626475626002545,10.061559107106623,4.718498871295094,41.7,11.208205739156329,90.2,104,0
28000,FALSE,4.110873864173311,2015,18.49,4,11.33381076072374,10.678537248715708,3.492864570187979,10.97679912709094,6.530877627725885,10.063776497465508,11.225256725762893,12.174303301841189,8.878636747430072,5.0689042022202315,51.9,10.956108257353245,59.9,143,0
35000,FALSE,4.110873864173311,2015,11.99,3,10.862856930775358,9.566475170062406,2.0095554142156695,10.196194479235656,6.530877627725885,9.755509449764629,11.759793355371237,11.897289503170338,9.064157861798101,5.739792912179234,27.4,10.812652959467695,35.6,206,0
7200,FALSE,3.6109179126442243,2015,9.17,2,9.852246888342531,9.110741006753427,3.0081547935525483,9.852246888342531,6.516193076042964,9.205327830152639,10.819798284210286,12.295437916602763,9.897570078772091,4.927253685157205,47.6,10.215667096588296,47.6,120,0
10000,FALSE,3.6109179126442243,2015,7.91,1,9.602450025,8.804625232612809,2.468946630209271,9.472781556562168,6.523562306149512,8.767329148,10.599156550639583,10.216654606497926,8.830543010616596,5.332718793265369,45,10.216654606497926,50.6,124,0
16000,FALSE,4.110873864173311,2015,13.44,3,10.181157167204903,9.378816521948083,2.3608540011180215,10.081675578048475,6.508769136971682,9.561278894062978,10.645448706505872,11.334886723814417,7.967973179662935,4.795790545596741,44.8,11.334886723814417,40.6,164,1
21875,FALSE,3.6109179126442243,2015,11.99,3,10.682835364853922,10.121940118362215,2.9317269435780786,10.468829770273567,6.552507887,9.241742135115715,10.77039894671221,10.620766212671002,8.541495483939203,5.176149732573829,57.1,10.620766212671002,70.7,140,0
14025,FALSE,4.110873864173311,2015,18.49,4,9.947552284,9.658034484302057,2.9444389791664403,9.082620630373812,6.516193076042964,6.361302477572996,10.571342565808699,11.008446326263101,8.523771507,5.153291594497779,74.9,9.658034484302057,93.4,138,0
35000,FALSE,4.110873864173311,2015,12.88,3,10.900454637442037,10.572751792632742,2.9101743851923443,10.576457535657255,6.594413459749778,9.463120392418698,11.571203807011969,12.611174354283456,10.531749485189057,5.105945474,72.1,10.916324064182835,67.2,135,1
20000,FALSE,3.6109179126442243,2015,12.88,3,10.25769445336048,10.023579032793949,2.5862591440482876,9.510519035757246,6.54534966,7.945555428253489,11.884495917930655,12.96972256,10.57185524173185,4.962844630259907,80.2,10.38859528829649,81.6,79,0
14000,FALSE,4.110873864173311,2015,14.85,3,9.752722801,9.450852217451484,3.2304090606818736,9.622516246,6.538139824,7.776115477098742,11.002116507732017,11.167473026768235,8.769662508112274,4.276666119016055,73.9,11.167473026768235,84.2,76,1
20000,TRUE,4.110873864173311,2015,13.99,3,11.214532906153606,10.348205424565993,2.884800712846709,10.407318772389159,6.523562306149512,9.827038380372722,11.156264806643742,10.45900925685097,7.515344571180436,5.1647859739235145,42,10.45900925685097,44,46,1
4200,FALSE,3.6109179126442243,2015,13.44,3,9.510519035757246,9.388319179336001,3.303584552795155,9.105090961257085,6.552507887,6.891625897052253,11.537627833610571,12.19108590322185,9.552084402526495,5.318119993844216,88.5,10.700859604153607,89.1,138,0
19000,FALSE,4.110873864173311,2015,14.85,3,10.236417809461043,9.785379464055799,2.645465325910589,8.922791623969637,6.501289670540389,6.785587645007929,11.225256725762893,11.185032322456948,8.546169299652755,5.231108616854587,63.7,10.782284079982702,88.2,151,0
15850,FALSE,4.110873864173311,2015,23.13,6,10.628641991731053,9.082507000466299,3.5793435670456293,9.898525260706313,6.628041376179533,9.457903327831136,10.714439990727769,10.71499537968092,7.882314918980268,4.682131227,21.3,10.71499537968092,35.6,90,0
30000,FALSE,3.6109179126442243,2015,15.77,4,10.67823776,9.991132062388175,2.970414465569701,10.67823776,6.587550014824796,9.979058739383202,12.07254696717504,12.919314077526511,10.839894587995108,5.3981627015177525,50.3,11.935391894758302,50.3,118,0
1500,FALSE,3.6109179126442243,2015,6.49,1,9.770013301136158,8.220941168281389,2.839663087904102,9.409273194575334,6.6147256,9.084663764,10.714439990727769,11.974417977197536,9.671870704017296,5.820082930352362,21.2,9.820160289946374,27.7,123,0
25000,FALSE,3.6109179126442243,2015,5.32,1,10.725489582719506,9.869930769007285,2.355177543113216,10.691967639914864,6.679599185844383,10.113018876430475,11.918397239722838,12.973531527489628,11.027637624992076,5.476463551931511,42.5,10.709673197721699,44,166,0
20200,FALSE,4.110873864173311,2015,18.49,4,9.923339198238729,9.022201929860664,3.579064588,9.787009914477434,6.580639137284949,9.160834952072344,11.002116507732017,10.674174310551491,8.371704884667631,4.317488114,40.6,10.674174310551491,46.5,138,1
23975,FALSE,4.110873864173311,2015,19.89,5,10.762170357789895,10.710141973889668,3.5322256440685598,10.70101727068921,6.530877627725885,7.1308988302963465,11.156264806643742,10.962249596604277,8.765146421639022,5.484796933490655,94.9,10.962249596604277,97.2,24,1
15000,FALSE,4.110873864173311,2015,10.78,2,10.474495347310453,10.115529710779164,3.410487428569248,10.254179634797001,6.580639137284949,8.363342466597977,11.082157933374816,12.320271487855011,9.429957713513835,5.147494476813453,69.8,11.475026278216149,84.9,172,0
10000,FALSE,3.6109179126442243,2015,10.78,2,10.114599007626499,9.469545806435415,2.8201877010390604,9.539716058977092,6.54534966,8.43771699,10.635879484421974,12.033533088590836,9.143238568435446,4.8283137373023015,52.5,10.613541013162433,66.8,134,0
15000,FALSE,3.6109179126442243,2015,8.49,2,10.736418414365376,9.853771960290196,2.656054906,10.247112717290387,6.508769136971682,9.255122514748075,11.608244735642321,12.700271812625587,9.927741044336832,5.017279836814924,41.4,10.23458824535543,62.9,142,0
23100,FALSE,4.110873864173311,2015,20.5,5,9.985113621416073,9.932803607,3.064791809485486,9.985113621416073,6.493753839851686,7.009408932708637,11.608244735642321,10.915978976681567,8.613593685702552,5.8664680569332965,94.9,10.915978976681567,94.9,159,1
27300,FALSE,3.6109179126442243,2015,17.27,4,10.529452721013085,10.34290310001384,3.282038399825841,10.373522431293592,6.493753839851686,8.275121630216509,11.082157933374816,12.380471231653463,9.815584869360217,5.062595033026967,83,11.018350415789994,87.7,150,1
25000,FALSE,4.110873864173311,2015,11.48,2,10.904137815028022,8.901230352110781,1.7316555451583497,10.732061203925053,6.559615237493242,10.563620718477313,11.813037464800539,10.065733944899032,7.293697720601438,4.615120517,13.5,10.065733944899032,15.5,134,0
15000,FALSE,3.6109179126442243,2015,10.78,2,9.698981735,9.415157006597509,2.413231613081109,9.239996256883693,6.508769136971682,5.8522024797744745,10.596659732783579,9.415157006597509,7.6236419465115715,4.709530201312334,75.3,9.415157006597509,96.6,129,0
10000,FALSE,4.110873864173311,2015,16.59,4,10.043292972227004,8.719153963,3.460723360976182,9.966509298952284,6.573680166960646,9.636326803305096,10.308985993422082,11.085444782804384,8.141189793457691,5.093750200806762,26.6,11.085444782804384,28.1,183,0
18500,FALSE,4.110873864173311,2015,12.88,3,10.221977646629885,9.673067592251142,2.653241964607215,10.221977646629885,6.516193076042964,9.360310898552477,11.156264806643742,11.726939468496672,9.529811766917371,5.093750200806762,57.8,10.259937471158564,57.8,154,0
5000,FALSE,3.6109179126442243,2015,7.91,1,9.510519035757246,8.622093601241607,2.689886230474539,9.220389707829185,6.530877627725885,8.663542087751374,10.373522431293592,9.364433907313582,7.418780882750794,3.8501476017100584,41.1,9.364433907313582,42.7,13,0
9000,FALSE,3.6109179126442243,2015,9.17,2,9.648659816955295,8.925188429378027,2.563409711275944,9.648659816955295,6.685860947,8.98506956,10.819798284210286,10.60343655,8.994048295611075,5.1647859739235145,48.5,9.555276687009526,48.5,165,0
11000,FALSE,3.6109179126442243,2015,6.49,1,10.764286715905591,9.157888512,2.772588722239781,10.034559673629849,6.628041376179533,9.496496280431916,11.350418300109132,10.379535378766175,7.982074875081202,4.804021044733257,20.1,10.379535378766175,41.6,128,0
20000,FALSE,3.6109179126442243,2015,6.49,1,9.923339198238729,8.48714627,3.4061849231731944,9.44943601,6.621405651764134,9.202812105555392,10.915106645867503,12.231525944335168,10.152103899823368,5.545177444479562,23.8,10.63739272556824,21.9,87,0
15000,FALSE,3.6109179126442243,2015,5.32,1,12.179733803647622,10.635711205077866,3.0530573401732606,11.691916481667727,6.654152520183219,11.649290339490745,11.289794413577894,12.708552540380458,9.530538036104643,5.609471795,21.4,11.483805566396375,4.2,141,0
12000,FALSE,3.6109179126442243,2015,5.32,1,9.820160289946374,8.062432791583195,2.791165107812717,9.047939083,6.552507887,9.047939083,10.892117550468008,11.867910982631697,9.788525534066446,4.110873864173311,17.2,9.318925682389624,0,99,0
8000,FALSE,3.6109179126442243,2015,10.78,2,10.354595018522993,9.318477031,3.101442727976105,8.665785595466064,6.508769136971682,7.080867896690782,10.714439990727769,11.906014302010338,8.687273461787838,5.375278407684165,35.5,11.906014302010338,79.5,147,0
12000,FALSE,3.6109179126442243,2015,10.78,2,10.188704088048116,9.306468399070404,3.4949912609485163,9.961803629358965,6.501289670540389,9.275378768155404,10.596659732783579,10.370862730428172,7.663407664893479,4.5217885770490405,41.4,10.370862730428172,49.7,64,0
18000,FALSE,3.6109179126442243,2015,7.49,1,10.060534035475412,8.956608739,3.2827891506118534,9.923339198238729,6.573680166960646,9.444858981311897,11.225256725762893,12.627788328224096,10.142937430124647,5.170483995038151,33.2,11.539187576959117,38,177,0
3600,FALSE,3.6109179126442243,2015,11.48,2,10.094149233605084,8.846928500099018,2.914522218128448,9.998843186,6.516193076042964,9.650722071987907,11.350418300109132,12.91664954221892,10.43176008990584,4.867534450455582,28.7,10.653322202725871,29.4,260,0
7200,TRUE,3.6109179126442243,2015,17.27,4,10.016860879703811,8.896040502,2.6539459421090092,9.735128070758227,6.559615237493242,9.193397651,9.903537551,8.896040502,6.817830571,5.030437921392435,32.6,8.896040502,41.8,128,1
15000,FALSE,4.110873864173311,2015,13.44,3,11.296024885689746,10.989318506839505,2.9533465570575532,9.532496332,6.508769136971682,8.848365694942547,11.25433606672172,11.954542479693881,9.182043773,5.1298987149230735,25.8,11.954542479693881,49.6,143,0
5000,FALSE,3.6109179126442243,2015,9.8,2,9.059633754551479,8.484463367,2.017566137961748,0,6.566672429803241,8.455530531,11.184435286790631,11.86403997832831,9.466222131878165,3.784189633918261,56.3,9.940397906556225,63.2,167,0
11550,FALSE,4.110873864173311,2015,16.59,4,9.803722464346553,8.879054662,3.094219220268645,9.417435838868785,6.552507887,8.842893331055539,10.545367754151743,9.245128197461847,7.048386408721883,4.094344562,39.7,9.245128197461847,43.7,39,1
33600,FALSE,3.6109179126442243,2015,10.78,2,10.915106645867503,10.256816906223763,2.7087166456453704,10.410335274932896,6.538139824,9.024372174,11.552155793461898,10.667861773634332,8.029107054619736,5.204006687076795,51.8,10.667861773634332,75,156,0
17475,TRUE,3.6109179126442243,2015,13.99,3,9.952325334619427,9.304559047215164,3.201933104137889,9.952325334619427,6.54534966,9.211739392889891,10.590390276998745,10.38486376807683,8.593227877692234,5.099866427824199,52.3,10.38486376807683,52.3,106,1
9000,FALSE,3.6109179126442243,2015,8.49,2,10.505094936455558,9.184817414745098,2.2438960966453663,10.298935994257638,6.516193076042964,9.910612112478423,10.757924157061597,9.184817414745098,6.70073111,5.204006687076795,26.7,9.184817414745098,32.2,129,0
12000,FALSE,4.110873864173311,2015,9.8,2,11.200964361058276,9.188810253,3.212455257065278,10.809748150372926,6.666956792429207,10.622692267415363,11.082157933374816,12.109236802493342,9.219002745054835,4.983606621708336,13.4,11.222412723285165,17.1,127,0
4000,FALSE,3.6109179126442243,2015,9.17,2,9.392745258631441,6.220590170099739,2.8231630082027146,9.392745258631441,6.508769136971682,9.350015354048665,10.703266939811954,8.984818995876008,7.598900457,4.962844630259907,4.2,8.984818995876008,4.2,147,0
10500,FALSE,3.6109179126442243,2015,15.77,4,9.278092474027002,9.021719013,2.252343876557299,9.278092474027002,6.493753839851686,7.791935956938058,11.157692338256169,10.178388290623175,8.569026340056254,4.48863637,77.4,10.178388290623175,77.4,9,0
14000,FALSE,3.6109179126442243,2015,9.8,2,11.344518647594766,10.441471040344437,2.831447079246135,10.448743588106625,6.530877627725885,10.001430626866092,11.51293546492023,13.019528558376665,11.073629492343159,5.379897354,36.1,11.339048154958936,36.1,134,0
6000,FALSE,3.6109179126442243,2015,7.91,1,9.457278572,9.030495745,2.7376090033437546,8.716207971151853,6.530877627725885,7.9909154630913255,11.561725152903833,12.116662029029495,9.919459322045826,4.7535901911063645,65.3,10.611917356627231,51.6,103,0
15000,FALSE,3.6109179126442243,2015,9.8,2,10.494075844768336,9.449672183486918,2.7006898466959175,10.494075844768336,6.523562306149512,10.060405827607546,11.429554725537322,12.65394888481182,10.708064294780282,5.135798437050262,35.2,10.885528571063377,35.2,159,0
12000,FALSE,3.6109179126442243,2015,9.17,2,10.318935994253193,9.258749511,3.307619034702589,9.698981735,6.559615237493242,9.013108202446475,10.58154648,11.939577862202796,9.231612507251722,4.718498871295094,34.6,10.378385435359629,49.6,110,0
10000,FALSE,3.6109179126442243,2015,11.48,2,10.025749432069084,8.993799971795545,3.1245651453969594,9.942756341456828,6.566672429803241,9.466996066,10.404293143019792,10.051821347041821,7.567345676,4.343805421853684,35.6,10.051821347041821,37.9,52,0
4200,FALSE,3.6109179126442243,2015,13.99,3,9.314790473332646,7.166265974133638,3.4663607075685685,8.630700432209832,6.559615237493242,8.598404447,10.373522431293592,10.567875111424648,8.265650165580329,4.290459441148391,11.7,10.567875111424648,3.2,73,0
35000,FALSE,4.110873864173311,2015,20.5,5,10.67823776,9.546383945305841,3.6025042383671906,9.798182590890704,6.552507887,9.387649386946594,11.695255355062795,12.995036695687306,9.904037401341563,4.7535901911063645,32.2,12.388540025024815,33.7,254,0
5475,FALSE,3.6109179126442243,2015,18.99,5,8.916103530553727,8.021584533455107,3.540089380528774,8.354909528,6.508769136971682,6.96979067,11.58989576532275,12.665157506388454,10.267262233590083,5.262690188904886,41,11.706203446994694,62,143,1
6000,FALSE,3.6109179126442243,2015,13.44,3,9.230241034,7.581209826196346,3.1888289035159043,9.230241034,6.538139824,9.016876974763383,10.563620718477313,10.557504015893034,9.171287644712482,5.537334267018537,19.2,10.557504015893034,19.2,98,0
24000,FALSE,3.6109179126442243,2015,9.17,2,10.30229722897745,9.372799299673886,2.4078456036515385,9.908524844053396,6.493753839851686,9.109193189971226,11.225256725762893,9.905086273899824,7.340835554123275,5.908082938168931,39.5,9.905086273899824,55,136,0
10000,FALSE,3.6109179126442243,2015,12.88,3,9.259225769705994,8.814033201652784,1.4586150226995167,9.159152335,6.573680166960646,7.928045600874777,11.002116507732017,8.814033201652784,7.428333194190806,4.890349128221754,64.1,8.814033201652784,70.8,159,0
6900,FALSE,3.6109179126442243,2015,19.89,5,9.34145635,8.316789127071518,2.3580197998821464,8.517393171418904,6.501289670540389,8.134174272137903,11.289794413577894,8.316789127071518,6.016157159698354,4.844187086458591,35.9,8.316789127071518,31.8,81,0
15975,FALSE,3.6109179126442243,2015,16.59,4,9.457278572,9.126632622902697,3.065724645374026,9.047939083,6.501289670540389,7.236339342754344,10.981914140544825,9.298076486,6.996681488176539,5.293304824724492,71.8,9.298076486,83.7,125,0
21600,FALSE,3.6109179126442243,2015,13.44,3,10.680539205318292,10.18259547176777,2.925309809257445,10.434145214930487,6.538139824,9.551231402759107,10.896757843893464,11.875030638488827,9.795623906660182,5.1647859739235145,60.8,10.823491382322166,58.6,125,0
14400,FALSE,4.110873864173311,2015,19.48,5,9.433563920090563,9.401456476451633,2.8914822521801917,8.648396877031582,6.493753839851686,0,11.20260234070406,10.666510548007066,8.469472455204826,4.700480365792417,96.8,10.666510548007066,101.7,101,1
8000,FALSE,3.6109179126442243,2015,13.99,3,9.296609807128359,8.392763113038061,3.1888289035159043,9.047939083,6.559615237493242,8.560444233410552,10.645448706505872,10.620497733360601,8.541300266759471,4.7535901911063645,40.5,10.620497733360601,38.6,14,0
7000,FALSE,3.6109179126442243,2015,13.99,3,9.975854724662028,9.790710714933168,3.133753571451366,9.667828508,6.523562306149512,6.638567789166521,11.326607934898927,11.254685683118405,8.856945756159021,4.682131227,83.1,11.254685683118405,95.2,157,0
20000,FALSE,3.6109179126442243,2015,10.78,2,10.945547126244623,10.100943996914353,3.636005964506868,10.75579427616868,6.608000625296087,10.072892717396856,10.915106645867503,11.017054132986049,8.127109185346375,4.983606621708336,43,11.017054132986049,49.5,140,0
25825,FALSE,4.110873864173311,2015,26.06,6,10.30229722897745,9.941264916870159,3.486763269991802,8.389587067,6.516193076042964,7.415776975415394,11.127277689932466,11.195910698045948,8.487970332739334,5.123963979403259,69.7,11.195910698045948,62.2,116,1
24575,FALSE,4.110873864173311,2015,22.45,6,10.367253014814716,10.135630487647138,3.225255432,9.923339198238729,6.587550014824796,7.737616282857904,11.429554725537322,11.548611090905245,9.469237093,5.288267030694535,79.3,11.294607750551283,88.8,229,0
3200,FALSE,3.6109179126442243,2015,8.49,2,8.160803920954665,6.967909201801884,3.0731561705187946,7.313886831633462,6.566672429803241,7.160069207596127,10.322461010669084,8.962519832949532,7.3537223303996315,5.252273428,30.3,8.962519832949532,14.3,66,0
22875,FALSE,4.110873864173311,2015,15.77,4,11.477308649967686,10.695914297187898,3.505557396986398,11.110969193687714,6.552507887,10.38591370178042,11.827743504053695,13.691974756837665,10.600950407163676,6.562444094,45.8,12.440709890555597,51.6,138,0
35000,FALSE,3.6109179126442243,2015,13.44,3,11.419724060136211,10.764286715905591,3.226447090364519,11.35159406537374,6.566672429803241,10.540090836284206,11.736077016252437,13.164458800769793,10.525434069084952,4.744932128,51.9,11.674014873189165,55.6,91,0
2400,FALSE,3.6109179126442243,2015,17.27,4,9.836332277,8.957252944288902,3.380314170745731,9.367429587218957,6.508769136971682,8.804325112562537,10.859018228147887,10.646376824990888,7.938802248154481,5.159055299214529,41.5,10.646376824990888,43.1,33,0
25000,FALSE,3.6109179126442243,2015,7.49,1,11.14477059,10.411268546115894,2.696652156149841,10.781058245898533,6.6147256,10.020737112586367,11.790564777297387,11.272979032618796,8.634086942887738,6.208590026096629,48,10.832437813357037,53.2,77,0
8800,FALSE,3.6109179126442243,2015,12.88,3,10.315630315397533,9.335385860950407,3.597860055726768,10.021315031649332,6.573680166960646,9.320986892063246,10.915106645867503,11.465110325309874,8.469682208745185,4.2626798770413155,37.5,11.465110325309874,50.4,67,0
2500,FALSE,3.6109179126442243,2015,11.48,2,10.31231367277647,7.8119734296220225,3.665098925448533,9.942756341456828,6.647688373563329,9.821897815496174,9.710448770900967,9.925738161470948,7.6236419465115715,4.653960350157523,8.2,9.925738161470948,11.4,121,0
8000,FALSE,3.6109179126442243,2015,5.32,1,9.820160289946374,8.772300418,2.7638002162067017,9.433563920090563,6.573680166960646,8.716207971151853,10.819798284210286,10.887922796141838,7.943782692458625,5.062595033026967,35.1,10.887922796141838,51.2,157,0
20000,TRUE,3.6109179126442243,2015,11.99,3,11.336200219573199,10.606733567773487,3.335769576,11.133142723386813,6.559615237493242,10.305714088793774,11.264476926102367,12.579599790102398,9.871584004,5.262690188904886,48.2,11.049365033671352,56.3,146,1
35000,TRUE,4.110873864173311,2015,12.88,3,10.807725945886109,10.056895099165441,2.6665335208992764,9.957075711706057,6.54534966,9.517383797906584,11.608244735642321,12.672171787175188,9.781828264,5.953243334287785,47.2,10.283395507779986,35.6,100,1
15000,FALSE,3.6109179126442243,2015,7.49,1,10.524090921620362,9.691160293655768,2.4570214462984645,10.030164255362632,6.566672429803241,9.666878750268348,10.714439990727769,12.17593812759615,10.096542961533052,5.209486152841421,43.5,9.691160293655768,30.5,275,0
16000,FALSE,3.6109179126442243,2015,15.77,4,9.952325334619427,9.679531170964893,2.280339484046726,9.937937287265354,6.559615237493242,8.458504195067558,11.156264806643742,12.092220623306291,10.146355296698067,4.955827057601261,76.1,10.34296753923157,77.2,122,1
10800,FALSE,4.110873864173311,2015,13.99,3,9.350189267092581,9.011035410141815,3.3006401266708405,9.159152335,6.501289670540389,7.4673710669175595,10.596659732783579,10.141677339388904,8.195885391314796,4.290459441148391,71.2,10.141677339388904,81.6,136,0
7500,FALSE,3.6109179126442243,2015,17.97,4,9.384377709,8.978912601074276,3.6428355156125294,8.556606193773073,6.530877627725885,5.480638923341991,9.615872145,9.618734519590227,7.673223121121708,5.342334251964811,66.7,9.618734519590227,95.4,94,0
16000,FALSE,3.6109179126442243,2015,10.78,2,10.712215345197256,9.936583780025318,3.588782837575651,10.563620718477313,6.508769136971682,9.803556713911078,11.050905878263567,11.138115645121681,8.653296274408579,4.6913478822291435,46,11.138115645121681,53.2,101,1
9000,FALSE,3.6109179126442243,2015,5.32,1,11.226589153242802,9.079776001955066,3.119276459645446,10.734242182303689,6.628041376179533,10.546866590861953,10.799595985047786,10.844490409005417,7.954372272531867,5.669880923,11.7,10.844490409005417,17.1,148,0
9500,FALSE,3.6109179126442243,2015,15.77,4,8.101980731853192,7.520234556474628,3.3655702040190043,7.313886831633462,6.54534966,6.131226489483141,10.239995502805316,9.600217956742634,7.654917048,4.553876891600541,55.9,9.600217956742634,69.4,116,0
10000,TRUE,3.6109179126442243,2015,7.91,1,10.584081267024454,9.110961927995904,3.431079756144025,10.060534035475412,6.608000625296087,9.791941277791215,10.12667110305036,10.010726303205727,7.372118028337787,4.465908118654584,22.9,10.010726303205727,23.6,53,1
6000,FALSE,3.6109179126442243,2015,7.91,1,10.829748417047593,7.70210434,2.9402195636237325,9.975854724662028,6.679599185844383,9.898525260706313,10.799595985047786,12.52222554995765,10.21968419288611,4.897839799950911,4.4,9.796403329926454,7.4,114,0
15600,FALSE,4.110873864173311,2015,13.44,3,9.787009914477434,9.419790596,2.7954503913830435,8.366602832783736,6.580639137284949,5.1298987149230735,10.859018228147887,11.478282259026654,9.686574550972555,5.5254529391317835,69.3,9.990123859195675,96.1,24,0
35000,FALSE,3.6109179126442243,2015,8.49,2,10.491301994830229,9.645299555,2.664446563620078,9.933094897288786,6.621405651764134,8.646289764750648,11.407576060361786,12.981359564226738,10.901929536770998,5.673323267171493,42.9,10.62261919381804,72.4,92,0
5000,FALSE,3.6109179126442243,2015,11.48,2,11.06665398721974,10.456366412533118,3.100542637906336,10.638280388314705,6.552507887,9.156728602527533,11.264476926102367,11.930154439998635,9.039907859574642,5.5093883366279774,54.3,11.169716588056161,77.3,156,0
20400,FALSE,4.110873864173311,2015,18.49,4,10.954326659732555,10.100122843969542,3.680090948080857,10.594156665220533,6.587550014824796,9.97720259,11.225256725762893,12.25848481374489,9.314159701,5.961005339623274,42.6,11.117093805830303,46,147,0
8000,FALSE,3.6109179126442243,2015,17.97,4,10.23282727,8.937349848267392,2.5273273656719524,8.853808274977197,6.501289670540389,8.360773272144936,10.408224678961561,12.244918288353372,9.472396896788991,5.560681631015528,27.4,8.937349848267392,38.9,103,1
16000,FALSE,3.6109179126442243,2015,10.78,2,10.134638955251866,9.959489742651412,2.6905648867611904,9.825580063659602,6.54534966,6.415096959171596,11.37940550085183,10.366246250532733,7.881559917056899,4.564348191467836,83.9,10.366246250532733,96.7,43,0
18000,FALSE,3.6109179126442243,2015,7.91,1,10.130662964963708,9.939095980003495,2.8069901489571136,10.130662964963708,6.608000625296087,8.384118837190895,11.289794413577894,11.339345588113028,9.729967151695242,5.062595033026967,82.6,10.400832721888241,82.6,18,1
35000,FALSE,3.6109179126442243,2015,9.17,2,11.60186082325361,11.43970940263897,3.2607852279454104,11.592669666556795,6.538139824,9.639652206558628,11.561725152903833,11.550895396221858,9.248406572782638,5.5093883366279774,85,11.550895396221858,85.8,128,0
13150,FALSE,3.6109179126442243,2015,5.32,1,10.929547069355774,9.325631416310918,3.056356895370426,10.85516473308054,6.641182169740591,10.670860555448044,10.596659732783579,10.277530790635952,7.712890961,5.170483995038151,20.1,10.277530790635952,16.8,36,0
5600,FALSE,3.6109179126442243,2015,9.17,2,9.867912187022208,9.433803872101313,3.0373539482448106,9.717218213494077,6.493753839851686,8.606668198,10.778977123006351,9.959915143834772,7.880804344674901,5.5053315359323625,64.8,9.959915143834772,67.1,122,0
23000,FALSE,3.6109179126442243,2015,9.8,2,10.839600519357369,9.954180666851647,2.895359299407204,9.602450025,6.523562306149512,5.843544417,11.410316715284756,12.133544962523091,9.735719576749684,5.236441962829949,41.3,10.658176581190668,97.7,124,0
12600,FALSE,4.110873864173311,2015,14.85,3,10.465984899076615,9.720765915720834,2.545531271604435,10.295563423525277,6.538139824,9.468233115617211,12.07254696717504,11.63390339152313,8.994916943677111,5.758901774,47.5,11.63390339152313,56.3,89,0
11000,FALSE,3.6109179126442243,2015,16.59,4,9.148571345578551,8.655214489313613,2.8820035082256483,9.148571345578551,6.601230118728877,8.205764725234456,10.915106645867503,12.47223353982281,10.680493228306789,5.209486152841421,61.1,10.874739842484258,61.1,51,0
4000,FALSE,3.6109179126442243,2015,11.99,3,10.060534035475412,9.046173026,2.631888840136646,10.016860879703811,6.530877627725885,9.588297240667746,10.633496897828639,11.31870945,9.23931648,3.4965075614664802,36.3,11.31870945,34.9,121,0
20000,FALSE,3.6109179126442243,2015,11.48,2,10.793454842740767,10.306616600846745,3.1620938107692163,10.69650269224425,6.530877627725885,9.566054854819791,11.002116507732017,10.58139418367979,8.278936002,5.198497031265826,61.5,10.58139418367979,67.7,17,0
10000,FALSE,3.6109179126442243,2015,9.17,2,10.62135173563291,10.102338411281293,3.517497837358316,9.846970109700957,6.538139824,8.406038142050075,10.990499483137917,11.809460731987741,9.036938912556787,5.442417710521793,59.5,10.66230542558572,76.3,228,0
18850,FALSE,3.6109179126442243,2015,21.48,5,9.667828508,8.711113884053544,2.8069901489571136,8.881975184248867,6.552507887,8.523374050491318,10.915106645867503,12.371748087995062,9.973899416776494,4.615120517,38.4,10.53278930504732,30.1,222,1
21000,FALSE,4.110873864173311,2015,11.99,3,11.255462171102444,10.207030670918908,2.776954179749421,10.410335274932896,6.594413459749778,10.14509950813338,11.314486721293981,11.772331512070272,8.882114044208821,5.755742213586912,35,10.726412213600824,23.3,122,0
10500,FALSE,3.6109179126442243,2015,8.49,2,9.752722801,9.283683766200392,2.7966713927557385,8.974744612722734,6.530877627725885,8.218247926685745,11.002116507732017,11.581639630955744,9.096835671179361,4.941642422609304,62.6,9.968291663401624,53.1,107,0
4575,FALSE,3.6109179126442243,2015,17.27,4,9.093918908958932,7.7752758464868625,2.400618833265411,7.0909098220799835,6.501289670540389,5.993961427306569,10.933124826700707,7.7752758464868625,5.293304824724492,5.170483995038151,27,7.7752758464868625,71,28,1
5000,FALSE,3.6109179126442243,2015,11.48,2,9.575052927597383,8.760766624241956,3.3638415951183864,7.937731775260109,6.538139824,7.914617709040679,9.741027444837728,10.921034388483017,8.841737428600585,3.828641396489095,44.3,10.921034388483017,2.3,52,0
8000,FALSE,3.6109179126442243,2015,6.99,1,10.122663242288953,8.681181041521688,2.7819200496686656,9.179984251961283,6.673297967767654,8.854379458771108,10.714439990727769,12.666852617331655,10.268998345137259,5.075173815233827,23.7,11.582376897968444,27.8,112,0
5000,FALSE,3.6109179126442243,2015,11.99,3,9.862717639992917,8.599141774063405,2.318458442150336,8.006700845440367,6.516193076042964,6.142037405587356,10.308985993422082,8.599141774063405,6.202535517187923,4.859812404361672,28.3,8.599141774063405,84.5,129,1
9075,FALSE,3.6109179126442243,2015,5.32,1,11.273411140805074,9.46148812,2.2396452932201716,10.868587496017359,6.704414354964107,10.587770562157601,10.596659732783579,11.517604501186959,9.032767522204432,5.929589143389895,16.3,9.46148812,24.5,146,0
12500,FALSE,3.6109179126442243,2015,7.49,1,9.425532393502772,9.211339872309265,2.057962510002712,9.036106025364846,6.559615237493242,6.626717749249025,10.859018228147887,9.211339872309265,7.602401335665818,4.948759890378168,80.7,9.211339872309265,91,129,0
19600,FALSE,4.110873864173311,2015,15.77,4,9.488047863280759,9.309189736018352,2.995232148512309,9.220389707829185,6.566672429803241,6.717804695023691,11.289794413577894,12.741887423279644,10.102871056285998,4.990432586778736,81.1,10.640986490666574,90.4,121,1
35000,FALSE,3.6109179126442243,2015,13.99,3,9.792611856190192,7.693481640835175,2.482403519569882,8.987321812850125,6.608000625296087,8.987321812850125,11.407576060361786,12.21393168224044,10.604503691474768,3.5263605246161616,12.3,9.277064004,0,43,0
28000,FALSE,4.110873864173311,2015,8.49,2,10.12667110305036,9.798293689657623,3.251536607107749,9.433563920090563,6.530877627725885,6.932447891572509,11.225256725762893,12.809636963846287,10.037100191860048,4.624972813284271,72,11.305864394486063,91.8,143,0
14000,TRUE,4.110873864173311,2015,15.77,4,10.098272780745283,8.747987402,3.0076608444192647,9.918425424900335,6.538139824,9.577203242302405,10.725489582719506,10.53172280891893,8.334711621820917,6.028278520230698,25.9,10.53172280891893,28.9,33,1
16000,FALSE,3.6109179126442243,2015,9.8,2,9.803722464346553,9.444067716830038,2.075684492802124,7.741099090035366,6.493753839851686,4.418840607796598,11.511995032251923,12.963067483636387,10.660501153424487,5.598421958998375,69.8,9.733292175540013,96.4,8,0
14000,FALSE,3.6109179126442243,2015,5.32,1,10.968215530759236,9.660587623,2.0451088625993306,10.55061697,6.654152520183219,10.178274337002176,11.695255355062795,9.735660441892627,7.251344983372214,5.267858159063328,16.9,9.735660441892627,15.1,184,0
24000,FALSE,3.6109179126442243,2015,8.49,2,10.975088291957388,9.904237271426673,3.169685580677429,10.468829770273567,6.573680166960646,9.628195078,11.184435286790631,11.222706844866451,8.514790306799927,4.905274778,34.3,11.222706844866451,56.9,220,0
35000,FALSE,3.6109179126442243,2015,13.99,3,10.39516093745751,10.032584125870539,2.9543893100196086,10.064798252418377,6.530877627725885,7.0909098220799835,11.225256725762893,10.860440266129173,8.088254727,5.075173815233827,69.6,10.860440266129173,94.9,70,0
8000,FALSE,3.6109179126442243,2015,11.48,2,9.820160289946374,9.093694189856862,3.467609147181407,9.239996256883693,6.559615237493242,8.622273667866745,9.980957723303026,10.037450102199095,7.958227192322312,4.290459441148391,48.4,10.037450102199095,46.1,66,0
3600,FALSE,3.6109179126442243,2015,13.44,3,9.575052927597383,8.393894975071744,3.3123661679555396,8.556606193773073,6.566672429803241,7.883069351305753,10.12667110305036,11.27385576310576,8.183118079394745,4.634728988229636,30.7,11.27385576310576,49,94,0
10500,FALSE,3.6109179126442243,2015,13.99,3,10.477316144080852,10.268928958514973,3.4572626055951043,10.130662964963708,6.493753839851686,8.233503140233994,11.608244735642321,12.025024277886827,9.080687163749312,5.3471075307174685,81.2,11.227959700012676,85,150,0
3000,FALSE,3.6109179126442243,2015,11.48,2,9.169622538697624,8.623533227187563,2.5718485799218085,9.036106025364846,6.530877627725885,8.092239406724211,11.561725152903833,12.60406658046595,10.206218323189427,5.552959584921617,57.9,10.494408190299962,61.1,126,0
16000,FALSE,3.6109179126442243,2015,14.85,3,9.893487720457795,9.223355309053677,2.896464271895322,9.059633754551479,6.516193076042964,8.014666370464942,10.668978650219241,9.916354418242951,7.351799869057777,4.1588830833596715,51.2,9.916354418242951,64.8,49,0
8000,FALSE,3.6109179126442243,2015,7.49,1,10.563620718477313,9.675142999429854,3.258481079,9.888424674859083,6.608000625296087,9.486379932643889,10.950824090522445,11.593546466937843,8.760453046315272,5.247024072160486,41.1,10.93857414032436,33.1,125,0
19500,FALSE,3.6109179126442243,2015,7.49,1,10.181157167204903,9.834298233,2.6905648867611904,10.134638955251866,6.594413459749778,8.809713540508268,11.350418300109132,10.659938116765312,8.580731212220226,4.9344739331306915,70.7,10.659938116765312,73.4,172,0
2000,FALSE,3.6109179126442243,2015,8.49,2,11.015361515187424,8.321421586897879,2.0515563381903004,10.915106645867503,6.740519359606223,10.838757043008064,11.849404844423074,13.428831384024353,11.637079275189873,5.8916442118257715,6.8,10.49946282,7.4,15,0
16000,FALSE,3.6109179126442243,2015,5.32,1,11.205054290550551,9.995291593011165,2.7376090033437546,10.682835364853922,6.587550014824796,10.484109724754205,11.472113887062386,12.20715705734309,9.071767722112243,4.941642422609304,29.8,11.023796099285997,18,303,0
3500,FALSE,3.6109179126442243,2015,10.78,2,10.747229096720554,10.212551886357938,2.9428587839469227,9.179984251961283,6.493753839851686,7.676473646389156,11.715057818961629,12.863470879375384,10.090921021216259,5.420534999272286,58.6,11.372524818667134,77.8,162,0
24000,FALSE,3.6109179126442243,2015,11.48,2,9.792611856190192,9.812249072101856,3.3282682016393976,9.792611856190192,6.516193076042964,0,11.461642696843066,11.084201965284862,8.887100204123687,4.465908118654584,102,11.084201965284862,102,35,0
6000,FALSE,3.6109179126442243,2015,5.32,1,10.596659732783579,8.957252944288902,1.6054298910365616,10.30229722897745,6.660575149839686,10.000523515047723,11.695255355062795,9.136263168579868,6.498282149476434,5.214935757608986,19.4,9.136263168579868,26.1,175,0
24000,FALSE,3.6109179126442243,2015,7.91,1,11.063524143191238,10.491135318903403,3.326114575537799,10.360944044643913,6.516193076042964,7.314552832,11.51293546492023,12.076186031195542,9.031811613420924,5.605802066295998,56.4,11.117361181539327,95.2,141,0
14875,FALSE,4.110873864173311,2015,18.49,4,9.723223876851618,8.448057452581375,3.6189933266497696,8.268988209506656,6.501289670540389,8.201385955238608,10.524923885542073,10.75868980502856,7.6236419465115715,5.231108616854587,27.9,10.75868980502856,6.5,170,1
10000,FALSE,3.6109179126442243,2015,11.99,3,10.440010162389305,9.028818495352793,3.6519561000093383,10.30229722897745,6.530877627725885,9.974039208487072,10.714439990727769,10.726434170630919,7.954021087278037,5.872117789475416,24.4,10.726434170630919,28,122,0
15000,FALSE,3.6109179126442243,2015,6.99,1,10.448743588106625,9.610122697,2.7638002162067017,9.998843186,6.628041376179533,9.442166123673227,11.440365524765756,12.632747886665461,10.553335714950922,5.342334251964811,43.2,11.089897020481475,42.7,266,0
10000,FALSE,3.6109179126442243,2015,5.32,1,10.392098241730961,9.629511127140459,2.7479117345273405,10.328787967145063,6.594413459749778,9.641798060358601,11.127277689932466,10.380187461572742,7.982757702011113,5.826000107,46.6,10.017797898713539,49.7,135,0
24000,FALSE,4.110873864173311,2015,19.48,5,10.351405324899678,9.706559843352812,2.1077860146889784,9.937937287265354,6.530877627725885,8.361007108226909,11.48247656671073,10.131339999578072,7.733683571,5.3981627015177525,52.5,10.131339999578072,79.3,136,0
23525,FALSE,4.110873864173311,2015,17.97,4,10.360944044643913,10.266010364316463,2.6623552418400807,10.203629181337648,6.516193076042964,6.805722553416985,11.156264806643742,12.189607841498928,9.704731689278749,5.356586274672012,90.9,10.266010364316463,96.7,119,0
11000,FALSE,3.6109179126442243,2015,10.78,2,10.934908916663861,10.455848516330956,2.6166656393003573,10.925956465688445,6.508769136971682,9.963547308963792,12.601490784782536,11.137358907207927,8.652597828,5.652489180268651,61.9,11.137358907207927,61.8,244,0
24000,FALSE,3.6109179126442243,2015,9.17,2,10.134638955251866,9.706133572908211,3.052112606990099,9.568084743872936,6.538139824,7.707961532,12.25486757159303,13.236602362548402,10.346248445387989,5.081404364984463,65.1,12.40433316612563,84.4,148,0
16000,FALSE,3.6109179126442243,2015,8.49,2,10.513280297700861,10.255235378138305,2.7523860149222616,10.351405324899678,6.508769136971682,8.966228514225776,11.849404844423074,12.357380717544798,9.467073426283948,4.574710978503383,77.3,10.866012804749818,75,190,0
15000,TRUE,4.110873864173311,2015,7.91,1,10.394243113248184,9.909767790493278,2.8942531046041373,10.118639253920785,6.530877627725885,8.327000740241713,11.407576060361786,11.417251218901823,8.472823243680297,5.1298987149230735,62,11.417251218901823,69,172,1
5000,FALSE,3.6109179126442243,2015,11.99,3,10.357774570341576,9.680156483641596,3.0233474405869645,9.278092474027002,6.516193076042964,8.342601680684194,11.002116507732017,12.01363408399373,9.448727152703086,4.406719247264253,50.8,10.106469212026385,60.8,78,1
15000,FALSE,3.6109179126442243,2015,10.78,2,9.883335864325275,9.078978053779355,2.410542234499138,9.717218213494077,6.530877627725885,8.966100857,11.350418300109132,10.373897349284675,7.666221925662725,4.317488114,44.7,10.373897349284675,52.8,75,0
15000,FALSE,3.6109179126442243,2015,9.8,2,11.010415172807951,9.645299555,3.279406324608233,10.480129006333248,6.580639137284949,9.952944161,11.002116507732017,11.464785089642293,8.520587424484253,6.124683390894205,25.5,10.43025542072287,41,170,0
3500,FALSE,3.6109179126442243,2015,13.99,3,10.268165387743457,10.030692726771417,2.9258461460898246,9.686636660844938,6.501289670540389,6.862757913051401,11.561725152903833,11.010398644018933,8.813289762469037,5.872117789475416,78.9,11.010398644018933,94.1,121,0
20000,FALSE,3.6109179126442243,2015,9.17,2,10.416341118636355,9.408207140105599,2.6224923127405635,9.952325334619427,6.573680166960646,9.418735700941484,11.775297421715827,10.536300694056374,8.457018468380168,3.9318256327243257,36.5,10.536300694056374,41.4,29,0
35000,FALSE,4.110873864173311,2015,18.49,4,10.413342705547674,10.238065138296543,2.739548868161581,9.947552284,6.508769136971682,7.549609165154532,11.794345471549745,12.79258906,10.02002536878408,5.0106352940962555,83.9,10.886352232659924,90.9,72,0
2000,FALSE,3.6109179126442243,2015,11.99,3,8.575650760987806,8.298290634359283,2.614471854142644,7.0909098220799835,6.501289670540389,0,12.100717685412471,12.593658874751046,10.29109414234298,5.940171252720432,75.8,10.92384996988318,106.2,132,0
12000,FALSE,3.6109179126442243,2015,9.8,2,9.561067663645012,9.141311785565748,3.2744997286161976,9.239996256883693,6.587550014824796,7.997663127,10.584081267024454,10.46538644648612,8.268475388982598,4.905274778,65.7,10.46538644648612,71.1,148,0
8000,FALSE,3.6109179126442243,2015,6.99,1,9.609183604,8.591929537530255,2.991724252156452,9.148571345578551,6.608000625296087,8.649799156,11.289794413577894,12.658691659231625,9.825526011066415,4.605170185988092,36.2,11.116737193642273,39.3,140,0
10000,FALSE,3.6109179126442243,2015,9.8,2,9.770013301136158,9.165447603085447,2.446685436967803,9.615872145,6.523562306149512,8.601718146485926,11.429554725537322,12.11551863718932,10.169652278400532,5.0689042022202315,54.6,9.948269695,63.7,232,1
35000,FALSE,3.6109179126442243,2015,13.99,3,10.576457535657255,10.361260440267637,3.0170044088295307,10.422311107413181,6.501289670540389,7.994969522697877,11.51293546492023,10.704142940811359,8.306472160100585,5.886104031450156,80.6,10.704142940811359,91.2,136,0
